{
    "metadata": {
        "songName": "My Song",
        "artist": "Artist Name",
        "bpm": 120.0,
        "songLength": 180.0
    },
    "buttonOne": [],
    "buttonTwo": [
        20.21332550048828,
        20.56012725830078,
        20.892990112304689,
        21.239662170410158,
        25.627342224121095,
        26.971885681152345,
        27.306556701660158,
        27.623138427734376,
        27.961166381835939,
        29.272994995117189,
        29.62799072265625,
        29.971160888671876,
        30.331512451171876,
        30.688568115234376,
        32.287269592285159,
        36.34626770019531,
        36.66362762451172,
        36.973358154296878,
        37.26416015625,
        41.62986755371094,
        42.329017639160159,
        42.65436553955078,
        44.262474060058597,
        44.90876007080078,
        47.09252166748047
    ],
    "buttonThree": [
        0.3942298889160156,
        0.9671478271484375,
        1.6193923950195313,
        2.3050804138183595,
        2.93231201171875,
        3.5636215209960939,
        4.213142395019531,
        4.923675537109375,
        5.561241149902344,
        6.231071472167969,
        6.8585205078125,
        7.499443054199219,
        8.205154418945313,
        8.896026611328125,
        9.560714721679688,
        10.197433471679688,
        10.817642211914063,
        11.502586364746094,
        12.189529418945313,
        12.865493774414063,
        13.551185607910157,
        14.206398010253907,
        14.843986511230469,
        15.464874267578125,
        16.213302612304689,
        16.901260375976564,
        17.59351348876953,
        18.250335693359376,
        18.871368408203126,
        19.542922973632814,
        19.871932983398439,
        21.55237579345703,
        21.895912170410158,
        22.219589233398439,
        22.518272399902345,
        24.27666473388672,
        24.610122680664064,
        24.953094482421876,
        25.279754638671876,
        25.95977783203125,
        26.64257049560547,
        28.634719848632814,
        31.00505828857422,
        31.652725219726564,
        32.00044250488281,
        32.64594268798828,
        33.292144775390628,
        34.658714294433597,
        34.97198486328125,
        35.28070831298828,
        35.62864685058594,
        35.975006103515628,
        40.36962127685547,
        40.998268127441409,
        41.315330505371097,
        42.98938751220703,
        43.558929443359378,
        45.63727569580078,
        46.246055603027347,
        48.89252471923828,
        50.684326171875,
        51.92677307128906,
        52.337181091308597,
        52.76094055175781
    ],
    "buttonFour": [
        0.7126846313476563,
        1.2746162414550782,
        1.9556770324707032,
        2.6162376403808595,
        3.2349205017089845,
        3.8778419494628908,
        4.560028076171875,
        5.218406677246094,
        5.909324645996094,
        6.543937683105469,
        7.185523986816406,
        7.82672119140625,
        8.562232971191407,
        9.220993041992188,
        9.84619140625,
        10.4947509765625,
        11.14794921875,
        11.843154907226563,
        12.515426635742188,
        13.199974060058594,
        13.899978637695313,
        14.524909973144532,
        15.15325927734375,
        15.818336486816407,
        16.55030059814453,
        17.242874145507814,
        17.895599365234376,
        18.54352569580078,
        19.19263458251953,
        22.8544921875,
        23.570411682128908,
        23.91741180419922,
        26.326759338378908,
        28.29461669921875,
        28.96800994873047,
        31.307342529296876,
        32.96495819091797,
        33.62754821777344,
        33.96880340576172,
        34.31977081298828,
        37.614479064941409,
        37.957115173339847,
        38.27754211425781,
        38.65875244140625,
        38.99531555175781,
        39.32086181640625,
        39.67700958251953,
        40.03820037841797,
        48.006614685058597,
        49.83903503417969
    ],
    "buttonFive": []
}