{
    "metadata": {
        "songName": "My Song",
        "artist": "Artist Name",
        "bpm": 120.0,
        "songLength": 180.0
    },
    "buttonOne": [
        1,
        2,
        3,
        4,
        5,
        6,
        9,
        14,
        20,
        40
    ],
    "buttonTwo": [
        3.833433151245117,
        4.085248947143555,
        6.146854400634766,
        6.75596809387207,
        6.933403015136719,
        7.427604675292969,
        7.7640533447265629,
        7.961994171142578,
        9.747314453125,
        10.484695434570313,
        10.840425491333008,
        11.130983352661133,
        12.569738388061524,
        14.057815551757813,
        15.034236907958985,
        15.203428268432618,
        17.639989852905275,
        18.74135398864746,
        19.99253273010254,
        20.129487991333009,
        22.653615951538087,
        24.65303611755371,
        25.20500373840332,
        25.96897315979004,
        27.29610252380371,
        28.067060470581056,
        28.29852867126465,
        28.905832290649415,
        29.80567741394043,
        34.894256591796878,
        41.24201965332031,
        41.43824005126953
    ],
    "buttonThree": [
        3.405588150024414,
        4.131587982177734,
        4.368776321411133,
        5.187417984008789,
        5.659402847290039,
        5.903877258300781,
        11.630147933959961,
        11.833684921264649,
        14.367752075195313,
        14.651941299438477,
        14.881614685058594,
        16.351015090942384,
        16.721525192260743,
        17.1675968170166,
        17.39800453186035,
        18.558881759643556,
        20.202486038208009,
        20.629671096801759,
        20.872983932495118,
        21.51529884338379,
        23.00004005432129,
        24.257932662963868,
        26.121362686157228,
        27.107622146606447,
        29.927270889282228,
        30.12196159362793,
        30.733137130737306,
        31.929243087768556,
        34.80448913574219,
        37.7916259765625,
        38.372413635253909,
        40.310401916503909,
        41.046730041503909
    ],
    "buttonFour": [
        4.757822036743164,
        4.958051681518555,
        17.858060836791993,
        18.409997940063478,
        23.417795181274415,
        23.943578720092775,
        26.34442710876465,
        26.678468704223634,
        26.914350509643556,
        30.091753005981447,
        30.898637771606447,
        31.130613327026368,
        31.800615310668947,
        32.728057861328128,
        33.180946350097659,
        34.68061065673828,
        38.611053466796878,
        39.221824645996097,
        39.649688720703128,
        40.08179473876953
    ],
    "buttonFive": [
        23.646696090698243,
        31.277311325073243,
        31.704069137573243,
        33.705406188964847,
        34.111671447753909,
        34.545188903808597
    ]
}