{
    "metadata": {
        "songName": "My Song",
        "artist": "Artist Name",
        "bpm": 120.0,
        "songLength": 180.0
    },
    "buttonOne": [
        0.33333349227905276,
        1.119215726852417,
        1.3221442699432374,
        1.6422884464263917,
        1.8752214908599854,
        2.1523702144622804,
        2.3277523517608644,
        2.4942715167999269,
        2.652099370956421,
        2.9684455394744875,
        3.395869493484497,
        3.5565412044525148,
        3.814707040786743,
        4.046935081481934,
        4.314414978027344,
        4.467763900756836,
        4.600828170776367,
        4.744656562805176,
        5.031221389770508,
        5.285808563232422,
        5.5565948486328129,
        5.7221832275390629,
        6.030374526977539,
        6.274029731750488,
        6.5704545974731449,
        6.736235618591309,
        6.885835647583008,
        7.028735160827637,
        7.312068939208984,
        7.544240951538086,
        7.806450843811035,
        7.960904121398926,
        8.254159927368164,
        8.482081413269043,
        8.773981094360352,
        8.9391450881958,
        9.093265533447266,
        9.240124702453614,
        9.484231948852539,
        9.733695983886719,
        9.97574234008789,
        10.128207206726075,
        10.427467346191407,
        10.653188705444336,
        10.908191680908204,
        11.071123123168946,
        11.238459587097168,
        11.384551048278809,
        11.689952850341797,
        11.943188667297364,
        12.191083908081055,
        12.343327522277832,
        12.664408683776856,
        12.954672813415528,
        13.18991756439209,
        13.338818550109864,
        13.5028715133667,
        13.847477912902832,
        14.111010551452637,
        14.393525123596192,
        14.530949592590332,
        14.828263282775879,
        15.08006763458252,
        15.360651969909668,
        15.512049674987793,
        15.6749849319458,
        15.851309776306153,
        16.133317947387697,
        16.384967803955079,
        16.610532760620118,
        16.76034927368164,
        17.04363250732422,
        17.72798728942871
    ],
    "buttonTwo": [
        18.54737663269043,
        19.10888671875,
        19.71247100830078,
        20.251150131225587,
        20.794330596923829,
        21.360029220581056,
        21.882625579833986,
        22.38509178161621,
        22.92502784729004,
        23.5036678314209,
        24.05172348022461,
        24.602941513061525,
        25.111570358276368,
        25.67795181274414,
        26.234451293945314,
        26.79694175720215
    ],
    "buttonThree": [
        18.294431686401368,
        18.852848052978517,
        19.418163299560548,
        20.004436492919923,
        20.549192428588868,
        21.069292068481447,
        21.614591598510743,
        22.158010482788087,
        22.66497230529785,
        23.206241607666017,
        23.789859771728517,
        24.329923629760743,
        24.878955841064454,
        25.44253158569336,
        25.9761905670166,
        26.52886199951172
    ],
    "buttonFour": [],
    "buttonFive": []
}