{
    "metadata": {
        "songName": "My Song",
        "artist": "Artist Name",
        "bpm": 120.0,
        "songLength": 180.0
    },
    "buttonOne": [],
    "buttonTwo": [
        2.755453109741211,
        6.335665702819824,
        9.32412338256836,
        13.864707946777344,
        15.331260681152344,
        21.307294845581056,
        22.098541259765626,
        22.906063079833986,
        24.91193199157715,
        25.66167449951172,
        26.016014099121095,
        26.393726348876954,
        29.234153747558595,
        29.852853775024415,
        30.542156219482423,
        31.21327781677246,
        34.56521987915039,
        35.29335021972656,
        35.937259674072269,
        36.24305725097656,
        36.558753967285159,
        36.825077056884769,
        38.95310974121094,
        39.53580093383789,
        39.82124710083008,
        40.098915100097659,
        40.363304138183597,
        40.92629623413086,
        41.238521575927737,
        43.78165054321289,
        44.03844451904297,
        44.30473327636719,
        44.577667236328128,
        44.86948776245117,
        45.14238357543945,
        45.39235305786133,
        47.80527877807617,
        48.266441345214847,
        48.784175872802737,
        50.259178161621097,
        51.76015090942383,
        53.66291809082031,
        55.7905387878418,
        58.27409362792969,
        59.835357666015628,
        60.64134979248047,
        61.84914016723633,
        62.61503219604492,
        63.4459342956543,
        64.32010650634766,
        65.3231430053711,
        68.85580444335938
    ],
    "buttonThree": [
        0.5513049960136414,
        1.5625580549240113,
        3.3398261070251467,
        4.553483486175537,
        5.757343292236328,
        7.459876537322998,
        8.717666625976563,
        9.95311164855957,
        11.14104175567627,
        12.313895225524903,
        13.45195198059082,
        14.29916000366211,
        15.00503921508789,
        15.738378524780274,
        16.203731536865236,
        16.573022842407228,
        16.925992965698243,
        17.7647705078125,
        18.58024024963379,
        18.993627548217775,
        19.343931198120118,
        19.686485290527345,
        20.11116600036621,
        20.9229793548584,
        21.690256118774415,
        22.490427017211915,
        23.30288314819336,
        24.110559463500978,
        27.075159072875978,
        27.66166114807129,
        28.289602279663087,
        28.89089012145996,
        29.521013259887697,
        30.209264755249025,
        30.873939514160158,
        31.516677856445314,
        32.186370849609378,
        32.911705017089847,
        33.56083679199219,
        34.21238708496094,
        34.99448776245117,
        35.58477783203125,
        37.37518310546875,
        37.864749908447269,
        45.65848922729492,
        46.318092346191409,
        46.75775909423828,
        47.29029083251953,
        48.01786804199219,
        48.51264190673828,
        49.1158561706543,
        49.32659912109375,
        49.54139709472656,
        50.475730895996097,
        50.74778366088867,
        51.204490661621097,
        51.45484924316406,
        51.98859786987305,
        52.244632720947269,
        52.46270751953125,
        52.7067756652832,
        52.9525146484375,
        53.42751693725586,
        53.96826171875,
        54.790767669677737,
        55.24170684814453,
        55.549556732177737,
        56.26019287109375,
        56.78218460083008,
        57.00499725341797,
        57.25899124145508,
        57.52423095703125,
        58.048946380615237,
        58.395423889160159,
        58.617366790771487,
        58.872371673583987,
        59.32271957397461,
        59.575016021728519,
        60.09629821777344,
        60.3310546875,
        60.58125305175781,
        60.84561538696289,
        61.093162536621097,
        61.40814208984375,
        61.623355865478519,
        62.10709762573242,
        62.35698699951172,
        62.76383590698242,
        63.2147216796875,
        63.688636779785159,
        64.1686019897461,
        64.60830688476563,
        65.13327026367188,
        65.64125061035156,
        66.11787414550781,
        66.37673950195313,
        66.60641479492188,
        66.8080062866211,
        67.02046203613281,
        67.20504760742188,
        68.5306625366211,
        69.00741577148438,
        69.4539566040039,
        69.85537719726563,
        70.39631652832031,
        70.93521118164063,
        71.8600082397461,
        72.02668762207031,
        72.20846557617188,
        72.37769317626953,
        72.53886413574219,
        72.7294921875,
        73.19234466552735,
        73.58184814453125
    ],
    "buttonFour": [
        1.0553951263427735,
        2.153254270553589,
        3.9383811950683595,
        5.143157005310059,
        6.890847682952881,
        8.070657730102539,
        10.529671669006348,
        11.724882125854493,
        12.863158226013184,
        14.677641868591309,
        17.362857818603517,
        18.18531608581543,
        20.537424087524415,
        23.747190475463868,
        24.535507202148439,
        25.33112907409668,
        26.035778045654298,
        26.800918579101564,
        27.344816207885743,
        27.98074722290039,
        28.608440399169923,
        31.887338638305665,
        32.547019958496097,
        33.22856140136719,
        33.88197708129883,
        37.138031005859378,
        37.638710021972659,
        38.13877868652344,
        38.381343841552737,
        38.67009735107422,
        39.25799560546875,
        41.49735641479492,
        41.8017578125,
        42.08500289916992,
        42.367103576660159,
        42.632450103759769,
        42.911766052246097,
        43.19743728637695,
        45.94693374633789,
        46.5589714050293,
        47.05450439453125,
        47.55130386352539,
        49.78947448730469,
        50.02439498901367,
        50.967769622802737,
        53.19752883911133,
        54.415557861328128,
        56.52971649169922,
        57.77890396118164,
        59.090091705322269,
        60.218528747558597,
        61.27467346191406,
        62.24181365966797,
        62.93086242675781,
        63.83882522583008,
        64.76725769042969,
        65.81416320800781,
        66.25798034667969,
        66.49063873291016,
        66.70146179199219,
        66.90751647949219,
        67.10401916503906,
        67.2885513305664,
        67.8697509765625,
        69.31611633300781,
        69.7149429321289,
        70.21825408935547,
        70.76927185058594
    ],
    "buttonFive": []
}