{
    "metadata": {
        "songName": "My Song",
        "artist": "Artist Name",
        "bpm": 120.0,
        "songLength": 180.0
    },
    "buttonOne": [],
    "buttonTwo": [
        5.574553489685059,
        10.1325101852417,
        12.38890552520752,
        13.922539710998536,
        18.39084243774414,
        21.318424224853517,
        24.305511474609376,
        26.218303680419923,
        26.994068145751954,
        27.7353515625,
        28.50975799560547,
        29.254413604736329,
        31.904186248779298,
        34.1472282409668,
        35.619773864746097,
        37.83280563354492,
        41.57612228393555,
        44.2158203125,
        48.38857650756836,
        50.24155044555664,
        52.82741928100586,
        53.341121673583987,
        53.93735885620117,
        57.000179290771487,
        58.59428787231445,
        59.99386978149414,
        68.22744750976563,
        71.16507720947266,
        97.05266571044922
    ],
    "buttonThree": [
        0.7062368392944336,
        1.4280157089233399,
        1.8817453384399415,
        2.6129465103149416,
        3.429043769836426,
        4.8523149490356449,
        6.414778709411621,
        7.80387020111084,
        9.77727222442627,
        10.444050788879395,
        11.174056053161621,
        11.99653148651123,
        15.390963554382325,
        16.106266021728517,
        16.800567626953126,
        17.64132308959961,
        20.215335845947267,
        22.478336334228517,
        23.265544891357423,
        25.111228942871095,
        25.866439819335939,
        26.600872039794923,
        28.118240356445314,
        28.83017349243164,
        29.637279510498048,
        30.412124633789064,
        31.147659301757814,
        31.490116119384767,
        32.61723327636719,
        33.75783157348633,
        34.5263671875,
        35.249794006347659,
        36.0091438293457,
        36.39344024658203,
        37.064483642578128,
        37.41637420654297,
        38.23281478881836,
        39.352210998535159,
        40.56083297729492,
        40.91297912597656,
        41.21384811401367,
        41.59028244018555,
        42.29677200317383,
        43.12031173706055,
        43.84573745727539,
        44.58872985839844,
        45.38582229614258,
        46.10976028442383,
        46.476295471191409,
        46.849117279052737,
        47.22859191894531,
        47.60447692871094,
        49.14071273803711,
        49.88584518432617,
        50.59714889526367,
        51.16969680786133,
        51.74577713012695,
        52.12172317504883,
        52.62339401245117,
        53.1479606628418,
        53.47983932495117,
        54.065311431884769,
        54.36298751831055,
        55.125431060791019,
        55.886783599853519,
        56.64981460571289,
        57.3430061340332,
        57.750186920166019,
        58.0713996887207,
        58.426937103271487,
        58.78667068481445,
        59.58517837524414,
        60.36306381225586,
        61.08771896362305,
        61.46001052856445,
        61.80049514770508,
        62.23359298706055,
        62.57419967651367,
        63.277706146240237,
        64.0036849975586,
        64.40441131591797,
        64.77499389648438,
        65.15901947021485,
        65.57693481445313,
        66.31227111816406,
        67.09878540039063,
        67.8527603149414,
        68.59019470214844,
        69.3224868774414,
        69.97752380371094,
        70.76664733886719,
        71.51822662353516,
        72.24968719482422,
        73.0562744140625,
        73.92235565185547,
        74.63744354248047,
        75.36295318603516,
        75.39482879638672,
        76.02738952636719,
        76.73233795166016,
        77.51060485839844,
        78.25641632080078,
        79.03948211669922,
        79.72869110107422,
        80.49613189697266,
        81.2283706665039,
        82.00460052490235,
        82.7550048828125,
        83.5032730102539,
        84.22760772705078,
        84.97154235839844,
        85.5406265258789,
        86.38800048828125,
        87.43632507324219,
        88.20097351074219,
        88.98155212402344,
        89.69874572753906,
        90.4464111328125,
        91.22736358642578,
        91.9218521118164,
        92.95933532714844,
        93.7497787475586,
        94.44227600097656,
        94.99061584472656,
        95.25484466552735,
        95.47198486328125,
        95.66981506347656,
        95.8480453491211,
        96.0270767211914,
        96.29086303710938,
        96.51730346679688,
        97.34980773925781
    ],
    "buttonFour": [
        4.125426292419434,
        7.077197074890137,
        8.561553001403809,
        9.433426856994629,
        10.822409629821778,
        11.567839622497559,
        13.15099048614502,
        14.622872352600098,
        15.749394416809082,
        16.429439544677736,
        17.201011657714845,
        17.980430603027345,
        19.83069610595703,
        20.569965362548829,
        22.160778045654298,
        22.848243713378908,
        23.59099578857422,
        25.49234390258789,
        27.38370132446289,
        30.017292022705079,
        32.2440299987793,
        33.384525299072269,
        34.8713264465332,
        38.61030197143555,
        40.13127136230469,
        41.598976135253909,
        43.51140594482422,
        44.972232818603519,
        49.5353889465332,
        51.00112533569336,
        51.36612319946289,
        51.90847396850586,
        52.47243118286133,
        56.23228073120117,
        57.923213958740237,
        59.2357063293457,
        67.4488525390625,
        70.38465118408203,
        95.1241683959961,
        95.36285400390625,
        95.56336212158203,
        95.7491455078125,
        95.92345428466797,
        96.12570190429688,
        96.39540100097656
    ],
    "buttonFive": []
}