{
    "metadata": {
        "songName": "My Song",
        "artist": "Artist Name",
        "bpm": 120.0,
        "songLength": 180.0
    },
    "buttonOne": [],
    "buttonTwo": [
        4.3686676025390629,
        4.7977447509765629,
        5.262908935546875,
        5.754364013671875,
        7.820045471191406,
        12.305061340332032,
        14.323966979980469,
        16.305816650390626,
        16.8271484375,
        17.339027404785158,
        17.824295043945314,
        18.839752197265626,
        24.34947967529297,
        28.903465270996095,
        32.318565368652347,
        34.348228454589847,
        40.33056640625,
        40.81981658935547,
        41.283660888671878,
        41.74964904785156,
        46.84440612792969,
        49.356719970703128,
        53.37294006347656,
        54.38386535644531,
        54.84230041503906,
        55.370513916015628,
        56.36137390136719,
        56.88465881347656,
        57.33363342285156,
        57.86985778808594,
        60.37860107421875,
        60.86952209472656,
        61.33277893066406,
        61.80293273925781
    ],
    "buttonThree": [
        0.194183349609375,
        0.8394546508789063,
        1.4265823364257813,
        1.8795547485351563,
        6.2878875732421879,
        7.336616516113281,
        8.329116821289063,
        8.851310729980469,
        9.377464294433594,
        9.873931884765625,
        10.875473022460938,
        11.886177062988282,
        12.818466186523438,
        13.829132080078125,
        14.818473815917969,
        15.834999084472657,
        18.358474731445314,
        19.35559844970703,
        21.327346801757814,
        22.880844116210939,
        23.831314086914064,
        24.834808349609376,
        25.81964874267578,
        26.605064392089845,
        28.358810424804689,
        29.324752807617189,
        29.779525756835939,
        30.81877899169922,
        31.338523864746095,
        31.831398010253908,
        32.82872009277344,
        33.83467102050781,
        34.77698516845703,
        35.292259216308597,
        35.801513671875,
        38.3446044921875,
        38.81743621826172,
        39.28528594970703,
        39.79228973388672,
        42.2923583984375,
        42.806114196777347,
        43.3111572265625,
        43.84722137451172,
        44.85450744628906,
        47.355628967285159,
        48.876007080078128,
        52.3592529296875,
        52.86640930175781,
        53.924072265625,
        55.85137939453125,
        58.87324523925781,
        59.85813903808594,
        62.32804870605469,
        63.40257263183594,
        64.38444519042969,
        64.98593139648438,
        65.37844848632813,
        65.88279724121094,
        66.39302062988281,
        66.86997985839844,
        67.37321472167969,
        68.29457092285156,
        69.36679077148438,
        70.36131286621094,
        71.36958312988281,
        72.31961059570313,
        73.330322265625,
        74.40615844726563,
        76.44741821289063
    ],
    "buttonFour": [
        2.393646240234375,
        2.8755950927734377,
        3.5205841064453127,
        3.8855361938476564,
        6.876152038574219,
        10.416519165039063,
        11.394744873046875,
        13.330490112304688,
        15.340568542480469,
        19.84423828125,
        20.330162048339845,
        20.811981201171876,
        21.853233337402345,
        22.362510681152345,
        23.34485626220703,
        25.33446502685547,
        26.33911895751953,
        26.852066040039064,
        27.326873779296876,
        27.82427978515625,
        30.308250427246095,
        33.32868957519531,
        36.308998107910159,
        36.82508087158203,
        37.34660339355469,
        37.85405731201172,
        44.368507385253909,
        45.288047790527347,
        45.84075927734375,
        46.287567138671878,
        47.838218688964847,
        48.339447021484378,
        49.85093688964844,
        50.33612060546875,
        50.852447509765628,
        51.32762145996094,
        51.85992431640625,
        58.34446716308594,
        59.30061340332031,
        62.82728576660156,
        63.81202697753906,
        75.44970703125
    ],
    "buttonFive": []
}