{
    "metadata": {
        "songName": "My Song",
        "artist": "Artist Name",
        "bpm": 120.0,
        "songLength": 180.0
    },
    "buttonOne": [],
    "buttonTwo": [
        2.3060073852539064,
        6.304363250732422,
        6.768531799316406,
        10.386764526367188,
        10.609321594238282,
        11.354248046875,
        11.574783325195313,
        14.417877197265625,
        14.617713928222657,
        15.336715698242188,
        15.555015563964844,
        16.34038543701172,
        17.35370635986328,
        20.325942993164064,
        20.569435119628908,
        21.329055786132814,
        24.365585327148439,
        24.577598571777345,
        26.345352172851564,
        26.595504760742189,
        28.398460388183595,
        30.278907775878908,
        32.37178039550781,
        36.404541015625,
        38.355262756347659,
        38.59912109375,
        40.32134246826172,
        41.337890625,
        41.80718994140625,
        48.37908935546875,
        48.87785339355469,
        49.382789611816409,
        49.90190887451172,
        58.29838562011719,
        58.85206604003906,
        59.361228942871097,
        59.834617614746097,
        60.86389923095703,
        61.84265899658203,
        64.84161376953125,
        70.32369995117188,
        72.35826110839844,
        73.38614654541016
    ],
    "buttonThree": [
        0.7116432189941406,
        1.8511314392089844,
        2.8137474060058595,
        3.847057342529297,
        5.3377227783203129,
        5.804325103759766,
        7.271636962890625,
        7.791294097900391,
        8.649192810058594,
        8.965534210205079,
        9.15899658203125,
        9.8739013671875,
        10.115413665771485,
        10.870777130126954,
        11.090194702148438,
        11.844104766845704,
        12.108985900878907,
        12.848270416259766,
        13.8792724609375,
        14.869068145751954,
        15.092742919921875,
        15.841598510742188,
        16.094558715820314,
        16.861495971679689,
        17.898269653320314,
        18.850845336914064,
        19.85382080078125,
        20.828575134277345,
        21.837554931640626,
        22.841217041015626,
        23.853271484375,
        24.836578369140626,
        25.337745666503908,
        26.836135864257814,
        27.353355407714845,
        28.896240234375,
        29.81585693359375,
        30.847396850585939,
        31.84929656982422,
        32.85590362548828,
        33.84788513183594,
        34.353965759277347,
        34.57929992675781,
        35.08692932128906,
        35.38148498535156,
        35.60557556152344,
        36.8402099609375,
        37.851829528808597,
        38.86299133300781,
        39.09187316894531,
        39.837303161621097,
        40.590545654296878,
        41.09461975097656,
        42.28511047363281,
        42.545692443847659,
        42.829673767089847,
        43.06211853027344,
        43.31549072265625,
        43.80762481689453,
        46.355445861816409,
        46.57771301269531,
        46.839988708496097,
        47.09477233886719,
        47.34618377685547,
        47.845741271972659,
        50.37687683105469,
        50.86542510986328,
        51.35558319091797,
        51.84843444824219,
        54.368507385253909,
        54.876373291015628,
        55.39271545410156,
        55.849891662597659,
        56.340049743652347,
        56.827903747558597,
        57.36107635498047,
        57.82267761230469,
        60.40643310546875,
        61.33905029296875,
        62.8565673828125,
        63.85706329345703,
        64.31925964355469,
        65.32400512695313,
        66.33914184570313,
        67.3593978881836,
        68.56399536132813,
        68.90135955810547,
        69.3459243774414,
        69.84841918945313,
        70.830810546875,
        71.83367919921875,
        72.86734771728516,
        73.89373016357422,
        74.88571166992188,
        75.42139434814453,
        75.90225219726563,
        76.3905029296875
    ],
    "buttonFour": [
        1.30804443359375,
        3.3158721923828127,
        4.335212707519531,
        4.873996734619141,
        8.395305633544922,
        9.39742660522461,
        9.608352661132813,
        12.368598937988282,
        13.388099670410157,
        18.39349365234375,
        18.61725616455078,
        19.31524658203125,
        22.381797790527345,
        22.596878051757814,
        23.389999389648439,
        25.090789794921876,
        25.847152709960939,
        27.100196838378908,
        27.85497283935547,
        29.333045959472658,
        31.340911865234376,
        33.32423400878906,
        34.846534729003909,
        35.88990783691406,
        36.15471649169922,
        37.34327697753906,
        39.341773986816409,
        40.851234436035159,
        44.38611602783203,
        44.60498809814453,
        44.844688415527347,
        45.078025817871097,
        45.311676025390628,
        45.820457458496097,
        52.34596252441406,
        52.855560302734378,
        53.35792541503906,
        53.882728576660159,
        54.626953125,
        55.1304931640625,
        55.62159729003906,
        56.094886779785159,
        62.32720184326172,
        63.35699462890625,
        65.8301773071289,
        66.86312103271485,
        67.86244201660156,
        71.3759536743164,
        74.39586639404297
    ],
    "buttonFive": []
}