{
    "metadata": {
        "songName": "My Song",
        "artist": "Artist Name",
        "bpm": 120.0,
        "songLength": 180.0
    },
    "buttonOne": [],
    "buttonTwo": [
        2.813405990600586,
        5.007759094238281,
        6.77055549621582,
        7.817476272583008,
        9.702310562133789,
        17.453105926513673,
        18.3587703704834,
        20.375703811645509,
        21.925029754638673,
        24.925994873046876,
        25.900897979736329,
        26.85334014892578,
        27.795520782470704,
        29.27743911743164,
        32.17015075683594,
        32.865509033203128,
        34.6357421875,
        37.622127532958987,
        39.3859977722168,
        42.30049133300781,
        43.59770965576172,
        44.68143081665039,
        47.33106231689453,
        49.61309051513672,
        50.204002380371097,
        52.01441955566406,
        53.397361755371097,
        54.39551544189453,
        56.94982147216797,
        57.857879638671878,
        58.589324951171878,
        61.21099090576172,
        67.59134674072266,
        70.66690826416016
    ],
    "buttonThree": [
        1.5690031051635743,
        2.328479766845703,
        3.314706802368164,
        3.9271535873413088,
        4.4871416091918949,
        5.231344223022461,
        6.025363922119141,
        6.549226760864258,
        7.057413101196289,
        7.589666366577148,
        8.348615646362305,
        8.93937873840332,
        9.467971801757813,
        9.941610336303711,
        10.478487014770508,
        10.941659927368164,
        11.469688415527344,
        11.999889373779297,
        12.473758697509766,
        12.939319610595704,
        13.410411834716797,
        13.915681838989258,
        14.392501831054688,
        14.888284683227539,
        15.414129257202149,
        15.873723983764649,
        16.90120506286621,
        17.848482131958009,
        18.863981246948243,
        19.872812271118165,
        20.87023162841797,
        22.40953826904297,
        23.47484588623047,
        24.47711944580078,
        25.41014862060547,
        26.372573852539064,
        27.330028533935548,
        28.52350616455078,
        30.096328735351564,
        31.002918243408204,
        31.557289123535158,
        32.657447814941409,
        33.449066162109378,
        34.057064056396487,
        35.08722686767578,
        35.9434814453125,
        36.53671646118164,
        37.454280853271487,
        38.22372055053711,
        38.86371994018555,
        39.858646392822269,
        40.6717643737793,
        41.263057708740237,
        41.94782638549805,
        42.51721954345703,
        43.16169357299805,
        43.80105209350586,
        44.33658981323242,
        44.88301467895508,
        45.5018310546875,
        45.95602798461914,
        46.53386306762695,
        47.081241607666019,
        47.94176483154297,
        48.34614181518555,
        48.89222717285156,
        49.41801834106445,
        50.627044677734378,
        50.782676696777347,
        51.30516052246094,
        51.83369064331055,
        53.947052001953128,
        54.55033874511719,
        55.88634490966797,
        56.31464385986328,
        56.749961853027347,
        59.69244384765625,
        59.794944763183597,
        61.56280517578125,
        63.26359558105469,
        64.69103240966797,
        66.26289367675781,
        66.92262268066406,
        68.34613037109375,
        69.17668151855469,
        69.9712142944336,
        71.37985229492188,
        72.22822570800781,
        73.032470703125,
        73.68269348144531,
        74.48760986328125,
        75.25587463378906,
        75.87648010253906,
        76.14127349853516,
        76.38417053222656,
        76.62232208251953,
        76.8227767944336,
        77.01085662841797,
        77.20692443847656,
        77.40479278564453,
        77.60888671875,
        77.7970962524414,
        78.00177764892578,
        78.21187591552735
    ],
    "buttonFour": [
        1.8658781051635743,
        4.762063980102539,
        5.626533508300781,
        7.342384338378906,
        9.229494094848633,
        16.443279266357423,
        19.388124465942384,
        21.368736267089845,
        22.958351135253908,
        23.98434829711914,
        30.419116973876954,
        31.384441375732423,
        33.8421516418457,
        35.32529067993164,
        36.349300384521487,
        37.0032844543457,
        38.656333923339847,
        40.042274475097659,
        41.05959701538086,
        41.73488235473633,
        42.96601486206055,
        44.16242218017578,
        46.163177490234378,
        46.66596603393555,
        48.54275131225586,
        49.045467376708987,
        51.49448013305664,
        56.15199279785156,
        62.35395050048828,
        63.99970245361328,
        65.5069351196289,
        66.74252319335938,
        69.0035171508789,
        69.75473022460938,
        76.0252685546875,
        76.2728500366211,
        76.49459075927735,
        76.71589660644531,
        76.91091918945313,
        77.09690856933594,
        77.30546569824219,
        77.498779296875,
        77.68328094482422,
        77.89094543457031,
        78.09587860107422
    ],
    "buttonFive": []
}