{
    "metadata": {
        "songName": "My Song",
        "artist": "Artist Name",
        "bpm": 120.0,
        "songLength": 180.0
    },
    "buttonOne": [],
    "buttonTwo": [
        4.071342468261719,
        8.697588920593262,
        12.987499237060547,
        17.213851928710939,
        22.057159423828126,
        26.53666114807129,
        31.094017028808595,
        34.988067626953128,
        39.717281341552737,
        44.67717361450195,
        49.47775650024414,
        54.26554489135742,
        59.02553176879883,
        63.95463562011719,
        71.04361724853516,
        73.67584228515625,
        75.92845916748047,
        78.25066375732422,
        80.54399871826172,
        83.03125762939453,
        85.34516906738281,
        87.93987274169922,
        90.31078338623047,
        95.07133483886719,
        99.88672637939453,
        104.61091613769531,
        109.30108642578125,
        114.41792297363281,
        117.93695068359375,
        121.47148895263672,
        139.61888122558595,
        148.92384338378907,
        150.5756378173828
    ],
    "buttonThree": [
        0.6605567932128906,
        2.9907472133636476,
        5.190101623535156,
        7.679713249206543,
        9.963800430297852,
        12.028428077697754,
        14.201444625854493,
        16.196430206298829,
        18.525827407836915,
        20.960657119750978,
        22.986345291137697,
        25.494956970214845,
        27.50892448425293,
        29.760852813720704,
        31.993183135986329,
        33.8523063659668,
        36.002891540527347,
        38.591636657714847,
        41.07432174682617,
        43.524139404296878,
        46.006507873535159,
        48.367156982421878,
        50.77604675292969,
        53.12055206298828,
        55.44562530517578,
        57.87693405151367,
        60.4593391418457,
        62.73030090332031,
        65.10907745361328,
        67.53311157226563,
        70.02779388427735,
        72.3368911743164,
        74.84982299804688,
        77.12201690673828,
        79.47427368164063,
        81.6686782836914,
        84.33155822753906,
        86.66838836669922,
        89.06751251220703,
        92.60089874267578,
        97.44590759277344,
        102.23438262939453,
        107.0753173828125,
        112.02228546142578,
        116.8259506225586,
        120.26266479492188,
        124.38655090332031,
        125.61592102050781,
        126.8421630859375,
        127.92051696777344,
        129.01605224609376,
        130.20590209960938,
        131.3656463623047,
        132.3767547607422,
        133.59884643554688,
        134.73851013183595,
        136.02587890625,
        137.2537841796875,
        139.0195770263672,
        140.80821228027345,
        142.01849365234376,
        142.99295043945313,
        144.42491149902345,
        145.61529541015626,
        146.86358642578126,
        148.64059448242188,
        149.21536254882813,
        149.81695556640626,
        150.3194122314453,
        150.99876403808595,
        151.54571533203126
    ],
    "buttonFour": [
        1.9061310291290284,
        6.457833290100098,
        11.076197624206543,
        15.062082290649414,
        19.916996002197267,
        24.34515953063965,
        28.614107131958009,
        33.041297912597659,
        37.34354782104492,
        42.38701248168945,
        47.27505111694336,
        51.95754623413086,
        56.67401885986328,
        61.49413299560547,
        66.3389663696289,
        68.7010498046875,
        91.47254943847656,
        93.88522338867188,
        96.2605972290039,
        98.66656494140625,
        101.07625579833985,
        103.55895233154297,
        105.88351440429688,
        108.25645446777344,
        110.7233657836914,
        113.1960678100586,
        115.5840835571289,
        119.03648376464844,
        123.13713073730469,
        138.44981384277345,
        148.04849243164063,
        150.11659240722657
    ],
    "buttonFive": []
}