{
    "metadata": {
        "songName": "My Song",
        "artist": "Artist Name",
        "bpm": 120.0,
        "songLength": 180.0
    },
    "buttonOne": [],
    "buttonTwo": [
        2.333108425140381,
        5.226582050323486,
        8.497688293457032,
        11.287939071655274,
        14.34427261352539,
        16.434980392456056,
        18.63799476623535,
        19.125228881835939,
        19.496294021606447,
        20.016902923583986,
        22.62155532836914,
        23.0889949798584,
        23.5750675201416,
        24.101816177368165,
        28.407920837402345,
        28.653034210205079,
        28.902496337890626,
        29.157630920410158,
        29.404037475585939,
        29.667278289794923,
        29.908756256103517,
        31.36237335205078,
        33.4528694152832,
        35.353538513183597,
        37.309574127197269,
        42.40654373168945,
        42.68147659301758,
        42.936092376708987,
        43.18485641479492,
        43.43235397338867,
        43.697776794433597,
        43.9646110534668,
        46.370201110839847,
        50.28744125366211,
        50.79874038696289,
        51.36260223388672,
        51.85295104980469,
        54.83803176879883,
        55.863948822021487,
        61.29793930053711,
        68.36438751220703
    ],
    "buttonThree": [
        0.6176314353942871,
        4.2976813316345219,
        7.228198528289795,
        10.503067016601563,
        12.830326080322266,
        13.775592803955079,
        14.872446060180664,
        15.368125915527344,
        15.87690544128418,
        16.92479133605957,
        17.39763832092285,
        17.836854934692384,
        18.876535415649415,
        19.36699676513672,
        19.78635597229004,
        20.63634490966797,
        21.134464263916017,
        21.625335693359376,
        22.09430694580078,
        22.867414474487306,
        23.363435745239259,
        23.85466766357422,
        24.66415023803711,
        25.24283790588379,
        25.727773666381837,
        26.2354793548584,
        26.63759994506836,
        26.93299674987793,
        27.156993865966798,
        27.424686431884767,
        27.684974670410158,
        27.937339782714845,
        28.183265686035158,
        28.535015106201173,
        28.747970581054689,
        29.005630493164064,
        29.237815856933595,
        29.485305786132814,
        29.747936248779298,
        29.987411499023439,
        30.837875366210939,
        31.853622436523439,
        32.89979553222656,
        33.860233306884769,
        34.838706970214847,
        35.8621826171875,
        36.8477668762207,
        37.86288070678711,
        38.3909797668457,
        38.843482971191409,
        39.367095947265628,
        39.851104736328128,
        40.80240249633789,
        41.12824249267578,
        41.357444763183597,
        41.595428466796878,
        41.84272384643555,
        42.25065231323242,
        42.52959060668945,
        42.784156799316409,
        43.045101165771487,
        43.27538299560547,
        43.532554626464847,
        43.807125091552737,
        44.07078552246094,
        44.78489685058594,
        45.83736038208008,
        46.82466506958008,
        48.81500244140625,
        49.805824279785159,
        52.39339065551758,
        52.80845642089844,
        53.31202697753906,
        53.90036392211914,
        56.35414123535156,
        57.39875411987305,
        58.43388366699219,
        59.25148391723633,
        63.40755081176758,
        66.40326690673828,
        66.8469009399414,
        69.39132690429688
    ],
    "buttonFour": [
        1.0649919509887696,
        3.313016414642334,
        6.249858379364014,
        9.51556396484375,
        10.88905143737793,
        12.36983871459961,
        13.304567337036133,
        14.638341903686524,
        15.105056762695313,
        15.603887557983399,
        16.13979148864746,
        16.682161331176759,
        17.143239974975587,
        17.59638023376465,
        18.042869567871095,
        18.415830612182618,
        20.38185691833496,
        20.907201766967775,
        21.385543823242189,
        21.86957550048828,
        22.381553649902345,
        24.398609161376954,
        24.974979400634767,
        25.488229751586915,
        25.99207305908203,
        26.47060775756836,
        26.790088653564454,
        27.038612365722658,
        27.281009674072267,
        27.536033630371095,
        27.784687042236329,
        28.0621337890625,
        30.300975799560548,
        32.43584060668945,
        34.36137390136719,
        36.37183380126953,
        40.343162536621097,
        40.973228454589847,
        41.220977783203128,
        41.46574020385742,
        41.71168518066406,
        41.93626403808594,
        42.12085723876953,
        44.374420166015628,
        45.38038635253906,
        47.381526947021487,
        48.36320877075195,
        49.342342376708987,
        54.34355163574219,
        55.368446350097659,
        60.23990249633789,
        62.31625747680664,
        64.41056060791016,
        65.3553237915039,
        67.32861328125,
        67.82835388183594,
        68.85243225097656
    ],
    "buttonFive": []
}